{"tableName":"cases","url":"EndpointVoid","tableDataList":[{"_id":"101772557292","title":"apple tv","type":"SALE","owner":"999999999999996","status":"RESOL","source":"CAS","customerCountry":"ARG","customerRegion":"AMERICAS","customerEmail":"leanflor@hotmail.com","contactPhone":"91135216536","domain":"AC","isACS":false,"incidentCharged":false,"respondByMet":false,"alwaysEligible":true,"notes":[{"id":"30","title":"Configuración y uso","type":"OCC","origin":"S","summary":"CUSTOMER:  Leandro  Flores\nPHONE:  54 91135216536\n\nPRODUCT:  Apple TV+\n\nSYMPTOM:\n•Configuración y uso\n\n* Leandro  Flores * Customer (AR) * Get Support (es_AR) *","created":"2022-08-11T18:58:49.559Z","createdBy":"999999999999996","lastModifiedBy":"999999999999996","lastModified":"2022-08-11T18:58:49.559Z","caller":{"firstName":"Leandro ","lastName":"Flores","email":"leanflor@hotmail.com","phone":"91135216536"},"owner":"999999999999996"},{"id":"50","title":".","type":"INCCL","origin":"P","componentCode":"NTI10","issueCode":"NTI1001","affectedProduct":"131525","summary":"CONFIGURATION\nAdditional Note:  .\nCALLER  -  \nPHONE  #  \nCALLER EMAIL - \nAFFECTED PRODUCT:  Non-technical Issue\nInsufficient Case Details\nCustomer Refusal\n* Brandon Lopez Gonzalez* Lopez Gonzalez* T1 Technical Support+* CNX_Managua* Edson Almonte *","jobRole":"JBR60076","triggerUnAltered":false,"created":"2022-08-11T19:04:15.977Z","createdBy":"2700943939","lastModifiedBy":"2700943939","lastModified":"2022-08-11T19:04:15.977Z","solutionsOffered":{"offered":null,"consultCase":"N"},"owner":"999999999999996","priority":"NORM","advisor":{"firstName":"Brandon Lopez Gonzalez","lastName":"Lopez Gonzalez","siteDesc":"CNX_Managua","mgrFirstName":"Edson","mgrLastName":"Almonte"}},{"id":"100","title":"apple tv","type":"CONTD","origin":"P","componentCode":"NTI05","issueCode":"NTI0502","affectedProduct":"131525","summary":"TRANSFER\nTRNTP:  blind\nSent To:  AMR Chile Spanish CPU Tier 1\nFrom:  Brandon Lopez Gonzalez Lopez Gonzalez - T1 Technical Support+\nCONSULTATION\nSent To:  AMR Chile Spanish CPU Tier 1\nCONFIGURATION\nAdditional Note:  Coustomer explained em that he has issues with the Apple tv acessories.\n CP400440\nCALLER  -  \nPHONE  #  \nCALLER EMAIL - \nAFFECTED PRODUCT:  Non-technical Issue\nMisrouted Call or Chat\nReroute to Other Apple Support Group\n* Brandon Lopez Gonzalez* Lopez Gonzalez* T1 Technical Support+* CNX_Managua* Edson Almonte *","jobRole":"JBR60076","triggerUnAltered":false,"created":"2022-08-11T19:07:26.698Z","createdBy":"2700943939","lastModifiedBy":"2700943939","lastModified":"2022-08-11T19:07:26.698Z","solutionsOffered":{"offered":null,"consultCase":"N"},"owner":"999999999999996","priority":"NORM","advisor":{"firstName":"Brandon Lopez Gonzalez","lastName":"Lopez Gonzalez","siteDesc":"CNX_Managua","mgrFirstName":"Edson","mgrLastName":"Almonte"}},{"id":"150","title":"apple tv","type":"CONTD","origin":"P","componentCode":"NTI05","issueCode":"NTI0502","affectedProduct":"131525","summary":"CONFIGURATION\nAdditional Note:  Coustomer explained em that he has issues with the Apple tv acessories.\nTransfered the call.\n CP400440\nCALLER  -  \nPHONE  #  \nCALLER EMAIL - \nAFFECTED PRODUCT:  Non-technical Issue\n\n\n* Brandon Lopez Gonzalez* Lopez Gonzalez* T1 Technical Support+* CNX_Managua* Edson Almonte *","jobRole":"JBR60076","triggerUnAltered":true,"created":"2022-08-11T19:07:54.161Z","createdBy":"2700943939","lastModifiedBy":"2700943939","lastModified":"2022-08-11T19:07:54.161Z","solutionsOffered":{"offered":null,"consultCase":"N"},"owner":"999999999999996","priority":"NORM","advisor":{"firstName":"Brandon Lopez Gonzalez","lastName":"Lopez Gonzalez","siteDesc":"CNX_Managua","mgrFirstName":"Edson","mgrLastName":"Almonte"}}],"symptom":{"group":"SG007","familyClass":"PFC7004","family":"PGF63009","category":"SC0329","origin":"OCC","solutionOffered":"C2C","adf":{"phoneNumber":"91135216536","field3":"cups","storeCode":" "}},"created":"2022-08-11T18:58:49.559Z","createdBy":"999999999999996","lastModifiedBy":"2700943939","lastModified":"2022-08-11T19:07:54.085Z","handledByApp":"ILOG","_apiVersion":"5.1","affectedProduct":"131525","assignedDate":"2022-08-11T19:07:54.085Z","assignee":"999999999999996","closed":"2022-08-11T19:07:54.085Z","closedBy":"2700943939","componentCode":"NTI05","comptiaCode":" ","customer":"11452027410","customerFirstName":"Leandro","customerLastName":"Flores","eligibleProduct":" ","erEscalatedFrom":{},"erEscalatedFromNote":"","erEscalatedMethod":"","erRecordType":"","extendedCaseStatus":"","issueCode":"NTI0502","origin":"ILOG","priority":"NORM","prevAssignee":"999999999999996"}],"dateTime":1660244874,"primaryKeys":["$._id"],"primaryKeyVals":["101772557292"],"operation":"UPDATE","meta":{"UPDATED_FIELDS":["assignedDate","closed","lastModified","notes.3"],"SRC_OFFSET":82349118}}